ID,Name,Sum,Date,Time
23242730,Name,10,Date,Time
23242730,Name,10,Date,Time
23242730,Name,10,Date,Time
23242730,Name,10,Date,Time
23242730,Name,10,Date,Time
23242730,Name,10,Date,Time
23242730,Name,10,Date,Time
23242730,Name,10,Date,Time
23242730,Name,10,Date,Time
23242730,Name,10,Date,Time
23242730,Name,10,Date,Time
23242730,Name,10,Date,Time
23242730,Name,10,Date,Time
23242730,Name,10,Date,Time
23242730,Name,10,Date,Time
23242730,Name,10,Date,Time
23242730,Name,10,Date,Time
23242730,Name,10,Date,Time
23242730,Name,10,Date,Time
23242730,Name,10,Date,Time
23242730,Name,10,Date,Time
23242730,Name,10,Date,Time